,beta,gamma,sse
0,0.9900000000000007,0.6500000000000004,35876.78776778107
