,beta,gamma,sse
0,0.8500000000000005,0.9900000000000007,2198.5612868626517
