,beta,gamma,sse
0,0.8500000000000005,0.9900000000000007,3299.2926298907105
