,beta,gamma,sse
0,0.01,0.19000000000000003,2814.8643510729717
