,beta,gamma,sse
0,0.01,0.23000000000000007,3868.226232400206
