,beta,gamma,sse
0,0.8800000000000006,0.9900000000000007,74.03898898083713
