,beta,gamma,sse
0,0.01,0.12999999999999998,122.3420528152235
