,beta,gamma,sse
0,0.9900000000000007,0.9800000000000006,47.33210842103805
