,beta,gamma,sse
0,0.11999999999999998,0.01,2344.8641008424574
