,beta,gamma,sse
0,0.22000000000000006,0.01,3925.254431805569
