,beta,gamma,sse
0,0.9900000000000007,0.9300000000000006,592.9761069483139
