,beta,gamma,sse
0,0.2700000000000001,0.20000000000000004,63574775.96304915
