,beta,gamma,sse
0,0.09999999999999999,0.01,67026801.33807014
