,beta,gamma,sse
0,0.4300000000000002,0.01,404228.79992701416
