,beta,gamma,sse
0,0.9900000000000007,0.6200000000000003,1932375.9592807018
