,beta,gamma,sse
0,0.9000000000000006,0.9900000000000007,253140.6095536428
