,beta,gamma,sse
0,0.01,0.10999999999999999,268492.10619265185
