,beta,gamma,sse
0,0.9900000000000007,0.6600000000000004,3421157.7651423784
