,beta,gamma,sse
0,0.8900000000000006,0.9900000000000007,38495.421283116586
