,beta,gamma,sse
0,0.01,0.10999999999999999,46494.41272581999
