,beta,gamma,sse
0,0.9900000000000007,0.6900000000000004,5346969.145129394
