,beta,gamma,sse
0,0.01,0.09999999999999999,22577.577980207163
