,beta,gamma,sse
0,0.01,0.09999999999999999,21014.693756401706
