,beta,gamma,sse
0,0.22000000000000006,0.01,2057991.479883687
