,beta,gamma,sse
0,0.9900000000000007,0.7500000000000004,1374212.0446478724
