,beta,gamma,sse
0,0.01,0.060000000000000005,9569.556401933693
