,beta,gamma,sse
0,0.22000000000000006,0.01,1885588.2949161239
