,beta,gamma,sse
0,0.9200000000000006,0.9900000000000007,3507.5540446729283
