,beta,gamma,sse
0,0.01,0.09999999999999999,9274.924837761882
