,beta,gamma,sse
0,0.47000000000000025,0.49000000000000027,0.014261687302687759
