,beta,gamma,sse
0,0.08,0.09999999999999999,0.20753253465528249
