,beta,gamma,sse
0,0.8600000000000005,0.8800000000000006,0.6263148367687689
