,beta,gamma,sse
0,0.08,0.13999999999999999,0.5298510707037885
