,beta,gamma,sse
0,0.9400000000000006,0.9900000000000007,2789.7513503521577
