,beta,gamma,sse
0,0.9600000000000006,0.9900000000000007,911.3985475468287
