,beta,gamma,sse
0,0.9800000000000006,0.9900000000000007,167.26145997290686
