,beta,gamma,sse
0,0.8800000000000006,0.9300000000000006,0.05925094622939421
