,beta,gamma,sse
0,0.8400000000000005,0.8900000000000006,0.11678274672480177
