,beta,gamma,sse
0,0.3300000000000001,0.34000000000000014,0.06860171616740968
