,beta,gamma,sse
0,0.9900000000000007,0.01,121.73831279675446
