,beta,gamma,sse
0,0.9900000000000007,0.01,73.02688300495646
