,beta,gamma,sse
0,0.9900000000000007,0.05,0.3754081639501512
