,beta,gamma,sse
0,0.9900000000000007,0.6000000000000003,0.2853768478416112
