,beta,gamma,sse
0,0.35000000000000014,0.01,0.2661787237939139
