,beta,gamma,sse
0,0.35000000000000014,0.01,1.1550205546428147
