,beta,gamma,sse
0,0.3100000000000001,0.01,3.1426029795417936
