,beta,gamma,sse
0,0.9900000000000007,0.7400000000000004,1.3347333242925943
