,beta,gamma,sse
0,0.4100000000000002,0.01,38.67755384071259
