,beta,gamma,sse
0,0.18000000000000002,0.01,86.22997412556356
