,beta,gamma,sse
0,0.24000000000000007,0.01,303.21104208305997
