,beta,gamma,sse
0,0.23000000000000007,0.01,706.0946867114267
