,beta,gamma,sse
0,0.9900000000000007,0.8900000000000006,837.5816639151338
