,beta,gamma,sse
0,0.9900000000000007,0.8000000000000005,1735.3990639698432
