,beta,gamma,sse
0,0.9900000000000007,0.8500000000000005,2834.560634217014
