,beta,gamma,sse
0,0.18000000000000002,0.01,611.2832086363247
