,beta,gamma,sse
0,0.11999999999999998,0.01,5689.818063075536
