,beta,gamma,sse
0,0.12999999999999998,0.01,2381.547587425691
