,beta,gamma,sse
0,0.9900000000000007,0.8400000000000005,19663.293376993894
