,beta,gamma,sse
0,0.4300000000000002,0.2800000000000001,0.012839707576448785
