,beta,gamma,sse
0,0.9900000000000007,0.9100000000000006,40336.376413349004
