,beta,gamma,sse
0,0.8700000000000006,0.8000000000000005,0.00844876074383449
