,beta,gamma,sse
0,0.9900000000000007,0.9700000000000006,1668.2150440432636
