,beta,gamma,sse
0,0.9900000000000007,0.9700000000000006,78865.93166102948
