,beta,gamma,sse
0,0.9900000000000007,0.5800000000000003,0.00018031958390434194
