,beta,gamma,sse
0,0.8300000000000005,0.9000000000000006,0.8607062618767277
