,beta,gamma,sse
0,0.8100000000000005,0.9900000000000007,0.003025582655307881
