,beta,gamma,sse
0,0.8400000000000005,0.9900000000000007,1.3887623700553748
