,beta,gamma,sse
0,0.8600000000000005,0.9900000000000007,0.6120882902351928
