,beta,gamma,sse
0,0.01,0.4400000000000002,0.7822585520731057
