,beta,gamma,sse
0,0.34000000000000014,0.01,85.00129599378779
