,beta,gamma,sse
0,0.8700000000000006,0.9900000000000007,0.00018009480854495275
