,beta,gamma,sse
0,0.01,0.09999999999999999,0.07566695485571981
