,beta,gamma,sse
0,0.9300000000000006,0.9900000000000007,3.341150775686175e-05
