,beta,gamma,sse
0,0.01,0.060000000000000005,0.21378105633546615
