,beta,gamma,sse
0,0.13999999999999999,0.01,0.3167692011887122
