,beta,gamma,sse
0,0.19000000000000003,0.01,160.4245713191512
