,beta,gamma,sse
0,0.060000000000000005,0.01,0.16961341871297922
