,beta,gamma,sse
0,0.3900000000000002,0.01,0.2139578548866258
