,beta,gamma,sse
0,0.9900000000000007,0.7700000000000005,0.31175414081632186
