,beta,gamma,sse
0,0.9900000000000007,0.8400000000000005,0.3645293714515173
