,beta,gamma,sse
0,0.9900000000000007,0.8800000000000006,0.39593613735843675
