,beta,gamma,sse
0,0.10999999999999999,0.01,31.949534386815653
