,beta,gamma,sse
0,0.9900000000000007,0.9600000000000006,0.8489754461928226
