,beta,gamma,sse
0,0.9900000000000007,0.6200000000000003,11.322491213632025
