,beta,gamma,sse
0,0.3100000000000001,0.01,67519.48048695517
