,beta,gamma,sse
0,0.4400000000000002,0.01,37.7811640682889
