,beta,gamma,sse
0,0.9400000000000006,0.9900000000000007,6773.213037056342
