,beta,gamma,sse
0,0.9500000000000006,0.9900000000000007,34559.511827880015
