,beta,gamma,sse
0,0.9900000000000007,0.5900000000000003,42.82015503006349
