,beta,gamma,sse
0,0.01,0.09999999999999999,11744.649837854242
