,beta,gamma,sse
0,0.01,0.09999999999999999,3718.431390478535
