,beta,gamma,sse
0,0.01,0.12999999999999998,898.8087478239281
