,beta,gamma,sse
0,0.01,0.11999999999999998,276.25988698006796
