,beta,gamma,sse
0,0.9900000000000007,0.3300000000000001,234.30519806395446
