,beta,gamma,sse
0,0.01,0.09999999999999999,35.14671320417312
