,beta,gamma,sse
0,0.01,0.11999999999999998,120.9659405632309
