,beta,gamma,sse
0,0.01,0.09999999999999999,90.63407231346979
