,beta,gamma,sse
0,0.01,0.060000000000000005,116.71230205235712
