,beta,gamma,sse
0,0.10999999999999999,0.01,4.064716795552986
