,beta,gamma,sse
0,0.01,0.060000000000000005,16.994810095372564
