,beta,gamma,sse
0,0.3000000000000001,0.01,1474.432373879832
