,beta,gamma,sse
0,0.01,0.060000000000000005,0.07944655737836939
