,beta,gamma,sse
0,0.01,0.10999999999999999,20.151009462741904
