,beta,gamma,sse
0,0.20000000000000004,0.01,412.989511810454
