,beta,gamma,sse
0,0.26000000000000006,0.01,3410.7259175557338
