,beta,gamma,sse
0,0.9300000000000006,0.9900000000000007,1390.6038682240842
