,beta,gamma,sse
0,0.01,0.18000000000000002,41.091784447312165
