,beta,gamma,sse
0,0.01,0.09999999999999999,140.82283605833322
