,beta,gamma,sse
0,0.01,0.3200000000000001,1166.1644574838429
