,beta,gamma,sse
0,0.9900000000000007,0.7300000000000004,1340533.9989759692
