,beta,gamma,sse
0,0.01,0.11999999999999998,1.8367192101716632
