,beta,gamma,sse
0,0.8900000000000006,0.9900000000000007,8.887586624250487
