,beta,gamma,sse
0,0.18000000000000002,0.01,31089.14145283436
