,beta,gamma,sse
0,0.01,0.060000000000000005,1.792727386432355
