,beta,gamma,sse
0,0.12999999999999998,0.01,289173.10552593606
