,beta,gamma,sse
0,0.3200000000000001,0.01,165.74968975734257
