,beta,gamma,sse
0,0.11999999999999998,0.01,124.61178720327345
