,beta,gamma,sse
0,0.9900000000000007,0.9200000000000006,91.71542782151955
