,beta,gamma,sse
0,0.9900000000000007,0.7800000000000005,25783482.036370397
