,beta,gamma,sse
0,0.9900000000000007,0.9800000000000006,245483.4462043669
