,beta,gamma,sse
0,0.09999999999999999,0.11999999999999998,436356.171770792
