,beta,gamma,sse
0,0.9900000000000007,0.5700000000000003,664.3857627466175
