,beta,gamma,sse
0,0.9100000000000006,0.9900000000000007,21735.094882391917
