,beta,gamma,sse
0,0.49000000000000027,0.01,216908.62363802482
