,beta,gamma,sse
0,0.01,0.10999999999999999,17105.703019961795
