,beta,gamma,sse
0,0.8800000000000006,0.9900000000000007,12016.617405369549
