,beta,gamma,sse
0,0.9200000000000006,0.9900000000000007,128.99682863107338
