,beta,gamma,sse
0,0.01,0.10999999999999999,841.5897099371862
