,beta,gamma,sse
0,0.9500000000000006,0.9900000000000007,432.29814803761616
