,beta,gamma,sse
0,0.01,0.060000000000000005,3.3320355675058178
