,beta,gamma,sse
0,0.9900000000000007,0.5900000000000003,875.9565306693596
