,beta,gamma,sse
0,0.13999999999999999,0.01,34448019.44733538
