,beta,gamma,sse
0,0.01,0.060000000000000005,249935.2876711588
