,beta,gamma,sse
0,0.01,0.09999999999999999,3152.1175425395536
