,beta,gamma,sse
0,0.9400000000000006,0.9900000000000007,26.040741192920425
